x_flip,y_flip,z_flip,x_mirr,y_mirr,z_mirr
275456,60000,160000,437871,51409,190022
275456,60000,180000,438656,49423,212747
275456,60000,200000,437963,45081,236027
275456,60000,220000,435792,40971,257920
275456,80000,140000,434222,71363,166466
275456,80000,160000,436254,71178,186558
275456,80000,180000,437085,70208,208868
275456,80000,200000,436577,65728,233117
275456,80000,220000,434360,59908,255934
275456,80000,240000,431312,55567,276997
275456,80000,260000,428448,52426,297782
275456,80000,280000,427386,50070,319075
275456,100000,140000,431635,91086,164711
275456,100000,160000,434037,90162,183602
275456,100000,180000,435330,89700,205034
275456,100000,200000,434915,86328,229006
275456,100000,220000,432467,80139,252239
275456,100000,240000,429141,73350,275796
275456,100000,260000,427201,69701,297874
275456,100000,280000,426601,68223,318890
275456,120000,140000,427755,110670,163048
275456,120000,160000,430896,109146,181801
275456,120000,180000,432928,108268,202447
275456,120000,200000,433298,105820,225172
275456,120000,220000,431312,101340,247759
275456,120000,240000,427802,94874,271870
275456,120000,260000,425723,89331,296211
275456,120000,280000,424938,87437,318059
275456,140000,100000,413252,137737,121339
275456,140000,140000,422906,129839,162124
275456,140000,160000,426277,127853,181154
275456,140000,180000,428679,126698,200877
275456,140000,200000,430157,124989,221847
275456,140000,220000,429326,121802,244018
275456,140000,240000,425862,117830,267528
275456,140000,260000,423183,111779,292470
275456,140000,280000,422536,107068,316997
275456,160000,100000,410389,157413,120184
275456,160000,160000,421243,145820,180785
275456,160000,180000,423922,144527,200138
275456,160000,200000,426785,143603,220138
275456,160000,220000,427016,141848,241477
275456,160000,240000,423691,138199,264757
275456,160000,260000,421474,131502,290576
275456,160000,280000,420689,126052,316350
275456,180000,160000,416624,164158,179122
275456,180000,180000,419626,162125,199029
275456,180000,200000,424153,161756,218983
275456,180000,220000,428725,160232,240415
275456,180000,240000,428494,156398,262817
275456,180000,260000,426370,150994,288175
275456,180000,280000,422675,146745,315011
275456,200000,200000,420781,181710,217090
275456,200000,220000,427617,181109,238521
275456,200000,240000,431958,178061,261939
275456,200000,260000,430804,174135,286466
275456,200000,280000,426462,170486,312840
275456,220000,220000,423368,203696,237228
275456,220000,240000,427894,201294,260461
275456,220000,260000,428125,197922,285773
275456,220000,280000,426139,194412,311731
275456,240000,240000,423044,223003,260600
275456,240000,260000,424107,220601,285172
255456,80000,140000,413852,72194,161108
255456,80000,160000,416623,71732,180646
255456,80000,180000,417963,71501,203694
255456,80000,200000,416069,65174,234456
255456,80000,220000,412928,60370,258105
255456,80000,240000,409741,57183,277043
255456,80000,260000,407063,54550,296350
255456,80000,280000,405908,53488,316581
255456,100000,140000,411820,91548,159399
255456,100000,160000,415607,89885,177644
255456,100000,180000,417593,89792,199491
255456,100000,200000,416254,85174,229422
255456,100000,220000,411312,79031,256073
255456,100000,240000,408171,74966,276766
255456,100000,260000,406185,72333,296535
255456,100000,280000,405492,71779,316350
255456,100000,300000,405585,69932,336766
255456,120000,80000,393206,118984,97505
255456,120000,100000,396532,117367,118013
255456,120000,140000,407940,111363,159584
255456,120000,160000,412836,109284,177875
255456,120000,180000,415607,108222,198244
255456,120000,200000,415838,104989,223833
255456,120000,220000,411127,101017,249422
255456,120000,240000,406878,96767,272978
255456,120000,260000,405030,91779,295057
255456,120000,280000,404661,89654,316350
255456,140000,60000,388264,140785,77459
255456,140000,80000,390804,140831,96304
255456,140000,100000,393899,139169,116766
255456,140000,120000,397686,135705,138937
255456,140000,140000,402213,130993,160138
255456,140000,160000,406970,128083,179538
255456,140000,180000,409695,126605,198614
255456,140000,200000,411404,124435,220184
255456,140000,220000,409280,122541,244341
255456,140000,240000,404615,120139,269283
255456,140000,260000,402813,112657,292886
255456,140000,280000,402813,107761,316211
255456,160000,60000,386324,160647,76674
255456,160000,80000,389742,160416,94826
255456,160000,100000,392513,159076,115381
255456,160000,120000,395100,155935,138013
255456,160000,140000,396901,150254,158799
255456,160000,160000,399580,145959,178475
255456,160000,180000,402074,143511,198013
255456,160000,200000,404615,141756,218983
255456,160000,220000,403321,140509,242771
255456,160000,240000,401335,138153,267620
255456,160000,260000,401150,131225,291962
255456,160000,280000,401058,125498,315842
255456,180000,80000,387802,179076,94134
255456,180000,100000,389927,177691,114411
255456,180000,120000,391636,174642,136166
255456,180000,180000,392560,161248,194411
255456,180000,200000,392606,158338,218891
255456,180000,220000,395746,155751,242955
255456,180000,240000,401104,154135,264664
255456,180000,260000,403229,149701,289422
255456,180000,280000,402074,145082,314780
255456,200000,180000,390573,180878,192979
255456,200000,200000,390019,178892,219722
255456,200000,220000,391913,175289,242955
255456,200000,240000,400920,172195,262863
255456,200000,260000,404522,169424,286189
255456,200000,280000,403968,166929,312285
255456,220000,180000,392236,201201,192517
255456,220000,200000,394176,201432,216720
255456,220000,220000,397317,201571,239029
255456,220000,240000,399164,197368,260969
255456,220000,260000,400596,193765,284156
255456,220000,280000,402859,191132,309607
235456,80000,160000,393575,71686,178429
235456,80000,180000,393714,68453,205958
235456,80000,200000,390711,64943,237458
235456,80000,220000,389187,62772,258890
235456,80000,240000,388263,58476,277458
235456,80000,260000,388587,54735,295934
235456,80000,280000,388818,53396,315103
235456,100000,160000,392697,90208,176951
235456,100000,180000,393483,86744,202447
235456,100000,200000,390573,82633,235334
235456,100000,220000,389695,81248,258105
235456,100000,240000,389095,77784,277089
235456,100000,260000,389649,74319,295195
235456,100000,280000,389788,72657,314456
235456,120000,80000,374038,116721,90762
235456,120000,100000,375700,114827,110947
235456,120000,120000,376716,114919,132979
235456,120000,140000,378056,115150,155196
235456,120000,160000,387709,110947,177551
235456,120000,180000,391728,107344,199122
235456,120000,200000,390480,102218,227528
235456,120000,220000,389002,101386,253163
235456,120000,240000,388587,98107,274272
235456,120000,260000,389002,93996,294179
235456,120000,280000,389464,91225,314872
235456,140000,60000,370342,140139,72055
235456,140000,80000,372513,138753,89653
235456,140000,100000,373945,136074,109515
235456,140000,120000,374038,135520,132609
235456,140000,140000,372652,134596,154734
235456,140000,160000,376024,131270,174457
235456,140000,180000,383321,127160,195658
235456,140000,200000,387155,122541,220646
235456,140000,220000,387109,120786,248129
235456,140000,240000,387986,118015,271315
235456,140000,260000,387524,113211,292378
235456,140000,280000,387894,109377,314687
235456,160000,60000,368634,160600,72147
235456,160000,80000,371959,160277,88360
235456,160000,100000,373252,158799,108406
235456,160000,120000,373345,157183,132147
235456,160000,140000,371728,153487,153672
235456,160000,160000,371821,149469,171732
235456,160000,180000,374546,145589,191408
235456,160000,200000,376578,140324,217921
235456,160000,220000,379811,136814,245034
235456,160000,240000,385169,135058,269098
235456,160000,260000,386000,131225,290854
235456,160000,280000,386324,126791,313717
235456,180000,40000,361105,179908,55519
235456,180000,60000,365770,179492,72656
235456,180000,80000,370435,179538,87575
235456,180000,100000,370989,178799,107667
235456,180000,120000,371128,176490,130438
235456,180000,140000,372236,172009,152748
235456,180000,160000,371821,167668,171085
235456,180000,180000,370296,164111,191316
235456,180000,200000,368310,159539,218013
235456,180000,220000,370112,154874,240323
235456,180000,240000,379903,150763,265080
235456,180000,260000,385123,147622,289006
235456,180000,280000,386185,143789,312793
235456,200000,60000,363645,198661,73487
235456,200000,80000,367479,198383,89746
235456,200000,100000,367248,197552,108175
235456,200000,120000,367433,195612,127159
235456,200000,140000,370112,190993,149699
235456,200000,160000,370943,186975,169422
235456,200000,180000,371128,183326,192794
235456,200000,200000,370389,179816,219584
235456,200000,220000,371312,173580,241708
235456,200000,240000,376901,168638,263094
235456,220000,80000,366139,218799,91178
235456,220000,100000,364430,216952,110438
235456,220000,120000,363553,214781,129330
235456,220000,160000,369650,205728,168129
235456,220000,180000,373021,202033,191732
235456,220000,200000,375469,201248,218106
235456,220000,220000,377964,199770,241708
235456,240000,160000,369419,223927,169469
235456,240000,180000,373206,220878,191593
235456,240000,200000,376162,220093,215381
235456,240000,220000,379349,221063,238060
215456,80000,220000,364707,64850,250392
215456,80000,240000,365954,59215,272932
215456,80000,260000,368910,56028,293486
215456,80000,280000,370850,54920,313117
215456,100000,140000,358425,99076,150900
215456,100000,160000,360365,97090,172748
215456,100000,200000,363737,87437,223186
215456,100000,220000,365538,83280,248729
215456,100000,240000,367386,78384,272609
215456,100000,260000,371543,75613,293071
215456,100000,280000,373344,74135,312655
215456,100000,300000,371728,72657,333071
215456,120000,80000,354915,118106,85496
215456,120000,100000,355746,115889,105589
215456,120000,120000,355885,115797,128314
215456,120000,140000,355100,116674,151270
215456,120000,160000,356716,114642,171732
215456,120000,180000,359211,111317,192933
215456,120000,200000,360920,106652,217875
215456,120000,220000,364846,102125,245172
215456,120000,240000,367848,98107,270854
215456,120000,260000,372143,95336,292978
215456,120000,280000,374360,92749,313948
215456,140000,60000,352005,140924,67482
215456,140000,80000,353760,138938,84711
215456,140000,100000,354176,136028,104757
215456,140000,120000,353437,135566,128776
215456,140000,140000,352144,135104,151316
215456,140000,160000,353299,132933,170623
215456,140000,180000,355931,129931,190485
215456,140000,200000,357779,126051,215565
215456,140000,240000,366601,117275,267620
215456,140000,260000,370157,114227,290715
215456,140000,280000,372559,111410,313810
215456,160000,40000,346786,162263,50161
215456,160000,60000,350804,160878,68914
215456,160000,80000,352837,160139,84711
215456,160000,100000,352744,158614,104665
215456,160000,120000,351728,156767,128083
215456,160000,140000,350851,155012,150254
215456,160000,160000,351266,152471,170115
215456,160000,180000,353483,148915,190947
215456,160000,200000,354453,145497,215889
215456,160000,220000,356532,142033,239538
215456,160000,240000,362398,137091,263787
215456,160000,260000,367340,132195,287944
215456,160000,280000,370111,127715,312239
215456,180000,40000,344061,181247,48452
215456,180000,60000,348541,179538,69053
215456,180000,80000,351728,179815,85450
215456,180000,100000,351359,179861,104342
215456,180000,120000,351081,178060,124295
215456,180000,140000,352282,174735,149099
215456,180000,160000,352513,172102,171686
215456,180000,180000,352883,168037,193487
215456,180000,200000,353021,164019,216489
215456,180000,220000,354453,160185,237690
215456,180000,240000,358564,156167,259815
215456,180000,260000,364799,149839,284711
215456,180000,280000,368679,144528,309837
215456,200000,40000,342213,201201,45219
215456,200000,60000,347156,199076,68545
215456,200000,80000,350573,199030,87067
215456,200000,100000,349465,198799,104573
215456,200000,120000,349742,197367,119076
215456,200000,140000,353114,192240,149145
215456,200000,160000,353760,190485,171455
215456,200000,180000,354869,187114,194364
215456,200000,200000,355285,182449,216766
215456,200000,220000,356763,177045,237967
215456,200000,240000,359626,173627,258752
215456,200000,260000,363460,169701,281246
215456,220000,60000,346925,220739,67713
215456,220000,80000,349881,220277,88129
215456,220000,100000,347571,217691,108499
215456,220000,120000,347802,214642,127113
215456,220000,140000,350019,210809,148499
215456,220000,160000,352790,207206,169145
215456,220000,180000,356855,204388,192702
215456,220000,200000,359811,201756,216166
215456,220000,220000,362120,198892,238568
215456,220000,240000,363414,196213,259584
215456,220000,260000,363414,193673,279584
215456,240000,100000,346509,235843,110300
215456,240000,120000,347202,232471,129561
215456,240000,140000,349742,228176,148545
215456,240000,160000,352467,223003,169792
215456,240000,180000,357178,222218,191686
215456,240000,200000,360966,220509,214272
215456,240000,220000,364014,219677,236674
215456,240000,240000,365307,219954,257782
215456,240000,260000,364337,218754,278337
215456,260000,140000,350943,248730,150531
215456,260000,180000,356485,243188,192563
215456,260000,200000,359950,242218,213718
215456,260000,220000,363183,242957,235103
215456,260000,240000,364753,244111,255612
195456,80000,200000,335054,83926,214318
195456,80000,220000,337271,80462,234688
195456,100000,80000,336532,102171,83141
195456,100000,100000,337502,101894,104434
195456,100000,120000,337594,102494,127344
195456,100000,140000,336670,104480,148499
195456,100000,160000,335007,104480,168683
195456,100000,180000,333807,102540,191085
195456,100000,200000,334084,99954,212794
195456,100000,220000,336162,96767,232517
195456,100000,240000,342721,89654,257598
195456,100000,260000,350804,81386,287851
195456,100000,280000,353159,78938,309468
195456,120000,80000,335608,122633,81524
195456,120000,100000,336855,120878,103141
195456,120000,120000,336855,120046,127575
195456,120000,140000,336301,120000,148776
195456,120000,160000,335793,119815,168683
195456,120000,180000,336162,118152,191593
195456,120000,200000,335654,115381,212101
195456,120000,220000,336994,112056,232055
195456,120000,240000,342675,106975,255658
195456,120000,260000,353067,98615,288868
195456,120000,280000,356023,95751,311500
195456,140000,40000,329465,145127,43926
195456,140000,60000,332098,143741,62771
195456,140000,80000,333945,142078,80693
195456,140000,100000,335377,139492,102956
195456,140000,120000,335469,138291,128499
195456,140000,140000,334592,137460,148960
195456,140000,160000,334869,136813,167944
195456,140000,180000,337040,135427,189469
195456,140000,200000,337779,132425,211131
195456,140000,220000,338472,128684,232378
195456,140000,240000,342259,125312,255196
195456,140000,260000,350804,118199,285450
195456,140000,280000,354499,114550,310946
195456,140000,300000,352051,113211,329468
195456,160000,40000,328033,165219,43880
195456,160000,60000,331220,162956,63926
195456,160000,80000,332421,161663,81663
195456,160000,100000,333252,159446,104665
195456,160000,120000,333576,157367,128499
195456,160000,140000,333160,156905,148499
195456,160000,160000,333807,156213,168545
195456,160000,180000,336208,153857,189884
195456,160000,200000,338333,151594,211270
195456,160000,220000,339442,148314,232194
195456,160000,240000,341889,145081,254549
195456,160000,260000,345123,140232,278799
195456,160000,280000,349557,133211,306281
195456,160000,300000,349557,131271,327020
195456,180000,40000,326555,184018,41201
195456,180000,60000,330620,181386,64896
195456,180000,80000,332513,181201,84480
195456,180000,100000,332329,180139,106328
195456,180000,120000,332652,178060,124619
195456,180000,140000,333760,177090,146697
195456,180000,160000,335192,177136,169884
195456,180000,180000,335931,173811,191039
195456,180000,200000,337455,170208,211639
195456,180000,220000,339580,166375,232194
195456,180000,240000,342490,162910,253995
195456,180000,260000,344522,158984,276581
195456,180000,280000,346601,153211,300785
195456,200000,40000,324615,203649,38291
195456,200000,60000,329742,201016,64573
195456,200000,80000,332513,200554,86605
195456,200000,100000,331451,199492,105774
195456,200000,120000,331821,197598,120000
195456,200000,140000,333760,194642,145358
195456,200000,160000,336901,194365,170069
195456,200000,180000,338425,191779,191501
195456,200000,200000,339026,187529,211917
195456,200000,220000,341612,182864,232609
195456,200000,240000,345123,179631,253949
195456,200000,260000,346000,177414,275057
195456,200000,280000,346093,173858,297321
195456,220000,40000,322906,223048,39215
195456,220000,60000,327895,221617,64157
195456,220000,80000,330389,219908,88406
195456,220000,100000,329603,216952,109099
195456,220000,120000,330620,214873,124896
195456,220000,140000,332005,212702,146235
195456,220000,160000,336301,210301,169191
195456,220000,180000,341335,207622,191639
195456,220000,200000,344661,203696,212886
195456,220000,220000,347755,199816,233718
195456,220000,240000,349603,198153,254457
195456,220000,260000,347940,197091,274457
195456,220000,280000,346416,194781,296027
195456,240000,60000,324800,240508,64573
195456,240000,80000,327017,238337,87944
195456,240000,100000,327664,234550,109930
195456,240000,120000,329465,232333,129007
195456,240000,140000,330989,231779,148360
195456,240000,160000,334130,227344,170023
195456,240000,180000,341335,224388,192009
195456,240000,200000,345862,221248,212517
195456,240000,220000,349788,219077,233071
195456,240000,240000,351266,219816,253210
195456,240000,260000,348217,219816,273579
195456,260000,100000,326694,253395,109007
195456,260000,120000,328680,251409,130762
195456,260000,140000,329373,251363,150623
195456,260000,180000,337964,243141,191870
195456,260000,200000,341566,242125,211593
195456,260000,220000,345400,243742,231408
195456,260000,240000,347894,245636,250854
195456,260000,260000,346416,244573,270900
175456,80000,180000,313991,90716,186513
175456,80000,200000,314453,89284,208037
175456,80000,220000,315146,86697,229884
175456,80000,240000,316347,82956,251501
175456,100000,80000,315608,105450,80970
175456,100000,100000,316301,106004,103972
175456,100000,120000,316855,107436,128268
175456,100000,140000,316624,109053,148037
175456,100000,160000,314407,108776,165589
175456,100000,180000,312975,106974,185265
175456,100000,200000,314084,105450,207482
175456,100000,220000,315100,103048,229607
175456,100000,240000,316208,100139,250438
175456,100000,260000,318564,96998,270669
175456,100000,280000,322582,91732,294549
175456,120000,60000,312790,125450,59861
175456,120000,80000,314592,125219,79538
175456,120000,100000,315931,124573,102864
175456,120000,120000,316947,124619,128960
175456,120000,140000,316578,124619,148314
175456,120000,160000,314915,124203,165173
175456,120000,180000,314499,123095,185265
175456,120000,200000,315885,121432,207944
175456,120000,220000,316670,119122,229653
175456,120000,240000,317594,117044,249930
175456,120000,260000,319765,114642,269007
175456,120000,280000,323598,109423,293210
175456,140000,40000,308541,147159,40046
175456,140000,60000,310943,145912,60370
175456,140000,80000,312790,144573,79215
175456,140000,100000,314777,142956,102864
175456,140000,120000,316070,142125,129284
175456,140000,140000,315377,141062,148499
175456,140000,160000,314315,140231,165358
175456,140000,180000,315654,139446,184988
175456,140000,200000,319072,137321,207713
175456,140000,220000,319996,134688,228822
175456,140000,240000,320273,133580,248545
175456,140000,260000,321150,132425,267667
175456,140000,280000,323275,128499,291131
175456,140000,300000,325631,123326,316535
175456,160000,40000,306878,167159,38707
175456,160000,60000,309557,165496,61016
175456,160000,80000,310943,163695,80878
175456,160000,100000,312467,161247,104434
175456,160000,120000,314130,159769,128360
175456,160000,140000,313714,158337,147898
175456,160000,160000,313252,157367,166143
175456,160000,180000,315977,157090,185774
175456,160000,200000,321566,155012,207713
175456,160000,220000,323090,151686,227667
175456,160000,240000,323183,150578,247252
175456,160000,260000,322629,150393,267436
175456,160000,280000,323090,147206,290115
175456,160000,300000,324014,142310,314318
175456,180000,40000,305724,186235,35104
175456,180000,60000,308911,184665,61201
175456,180000,80000,310389,182864,83649
175456,180000,100000,310527,180554,105589
175456,180000,120000,311867,178661,126051
175456,180000,140000,312144,177183,147667
175456,180000,160000,313021,176628,167667
175456,180000,180000,315285,176905,187436
175456,180000,200000,318795,175150,207898
175456,180000,220000,322721,170855,227667
175456,180000,240000,325908,167991,248037
175456,180000,260000,325862,167160,268776
175456,180000,280000,324938,164342,290485
175456,180000,300000,324245,160740,313210
175456,200000,40000,304246,205358,33857
175456,200000,60000,308172,204157,61755
175456,200000,80000,310204,202217,85543
175456,200000,100000,309927,199677,105681
175456,200000,120000,310573,197183,123372
175456,200000,140000,310250,194966,146882
175456,200000,160000,313068,194319,168406
175456,200000,180000,316347,194180,188499
175456,200000,200000,318610,192333,207944
175456,200000,220000,322813,188268,227344
175456,200000,240000,328864,184204,248499
175456,200000,260000,328772,183234,268914
175456,200000,280000,327109,181248,290300
175456,200000,300000,326185,178984,312979
175456,220000,40000,302491,224526,34642
175456,220000,60000,305908,223095,61109
175456,220000,80000,307525,220231,85912
175456,220000,100000,308310,216998,106882
175456,220000,120000,308911,214873,124619
175456,220000,140000,306832,213257,146513
175456,220000,160000,310712,212009,167944
175456,220000,180000,318841,210301,189284
175456,220000,200000,326093,206744,209191
175456,220000,220000,331035,202125,228360
175456,220000,240000,333621,199816,248406
175456,220000,260000,331173,199585,268129
175456,220000,280000,329002,198615,289792
175456,220000,300000,328725,197922,313025
175456,240000,60000,302814,241432,60739
175456,240000,80000,303230,238522,84711
175456,240000,100000,304661,235381,106882
175456,240000,120000,306232,233626,125820
175456,240000,140000,304107,234827,145727
175456,240000,160000,306417,233164,167159
175456,240000,180000,317640,226790,190254
175456,240000,200000,325954,223372,209053
175456,240000,220000,330342,220555,227067
175456,240000,240000,335053,219215,246559
175456,240000,260000,331681,219262,266466
175456,240000,280000,329557,218569,289607
175456,260000,100000,303137,254827,104942
175456,260000,120000,304430,252425,126605
175456,260000,140000,304754,254042,146097
175456,260000,180000,312744,246236,189746
175456,260000,200000,314268,243465,208822
175456,260000,220000,318333,244619,225727
175456,260000,240000,324661,245589,244065
175456,260000,260000,326601,243742,264804
155456,80000,100000,295793,90623,103141
155456,80000,120000,296162,94503,124619
155456,80000,180000,296070,93810,181986
155456,80000,200000,296070,91408,203926
155456,80000,220000,295885,87760,227252
155456,80000,240000,295654,84342,248545
155456,80000,260000,296347,82078,268083
155456,80000,280000,298379,78799,288914
155456,100000,80000,293991,106282,80185
155456,100000,100000,293807,109007,103141
155456,100000,120000,294499,112471,125681
155456,100000,140000,296532,113487,144665
155456,100000,160000,296070,112609,161940
155456,100000,180000,295100,110993,181386
155456,100000,200000,295700,109284,204249
155456,100000,220000,295885,106097,227898
155456,100000,240000,295238,102864,248499
155456,100000,260000,295654,100092,266974
155456,100000,280000,297779,96582,287529
155456,100000,300000,301751,93395,311131
155456,120000,80000,292098,127067,79723
155456,120000,100000,293206,129284,103141
155456,120000,120000,294777,130161,126651
155456,120000,140000,296116,129884,145404
155456,120000,160000,295977,128914,161940
155456,120000,180000,295608,128129,181062
155456,120000,200000,296393,127344,205404
155456,120000,220000,296578,125127,228545
155456,120000,240000,295238,122309,247991
155456,120000,260000,295608,118845,265866
155456,120000,280000,297917,114827,286651
155456,120000,300000,302213,111640,310254
155456,140000,60000,288403,146097,58661
155456,140000,80000,290250,147067,80046
155456,140000,100000,292375,147298,103556
155456,140000,120000,294222,147482,127021
155456,140000,140000,295146,146559,146235
155456,140000,160000,296255,145173,162633
155456,140000,180000,297317,144711,180462
155456,140000,200000,297502,145265,206282
155456,140000,220000,298933,142864,227482
155456,140000,240000,297132,140924,246143
155456,140000,260000,296532,137691,264295
155456,140000,280000,299164,133534,285450
155456,140000,300000,303044,130162,309746
155456,160000,40000,283645,164757,33903
155456,160000,60000,285539,165958,58614
155456,160000,80000,287617,166051,81339
155456,160000,100000,289650,165127,104342
155456,160000,120000,291636,165034,126282
155456,160000,140000,292837,163695,146559
155456,160000,160000,294407,161801,164526
155456,160000,180000,296994,162217,182864
155456,160000,200000,299164,163464,205312
155456,160000,220000,301612,160370,224850
155456,160000,240000,300319,158383,243695
155456,160000,260000,299026,156674,263187
155456,160000,280000,301520,152702,285173
155456,160000,300000,304291,148869,309422
155456,180000,40000,282306,184665,30393
155456,180000,60000,284061,186189,57183
155456,180000,80000,285447,185681,82263
155456,180000,100000,286694,183880,104573
155456,180000,120000,287571,183279,125958
155456,180000,140000,287848,182263,147344
155456,180000,160000,290712,179723,166513
155456,180000,180000,294361,180508,185589
155456,180000,200000,296532,181894,205127
155456,180000,220000,298425,179861,223972
155456,180000,240000,301104,175797,243418
155456,180000,260000,302490,174365,263372
155456,180000,280000,304615,170993,285635
155456,180000,300000,306139,167391,309238
155456,200000,40000,282491,204665,28268
155456,200000,60000,284477,206004,55520
155456,200000,80000,284800,205404,81848
155456,200000,100000,285262,202679,103972
155456,200000,120000,285955,200277,125589
155456,200000,140000,285955,198614,147529
155456,200000,160000,288587,197044,167113
155456,200000,180000,291636,197875,186743
155456,200000,200000,293391,198984,206097
155456,200000,220000,296809,196905,224203
155456,200000,240000,301381,191640,243834
155456,200000,260000,304476,189746,263880
155456,200000,280000,306739,187529,286235
155456,200000,300000,308079,185312,309515
155456,220000,40000,282121,224526,28130
155456,220000,60000,283645,224573,53903
155456,220000,80000,283322,223603,80046
155456,220000,100000,283691,220831,103326
155456,220000,120000,285493,217552,125404
155456,220000,140000,285493,215289,147252
155456,220000,160000,286463,214966,167205
155456,220000,180000,289834,215520,187944
155456,220000,200000,293252,214411,207298
155456,220000,220000,297225,212056,224065
155456,220000,240000,302444,207714,242679
155456,220000,260000,304014,205035,264295
155456,220000,280000,308125,203326,286882
155456,220000,300000,310250,203234,309607
155456,240000,60000,281613,242864,54966
155456,240000,80000,281290,241432,79723
155456,240000,100000,281982,239492,102633
155456,240000,120000,283969,236859,124757
155456,240000,140000,284153,235335,146651
155456,240000,160000,284615,235427,166928
155456,240000,180000,286555,234873,189145
155456,240000,200000,286278,233534,208591
155456,240000,220000,282398,235520,224434
155456,240000,240000,293252,231455,243048
155456,240000,260000,303137,223788,262402
155456,240000,280000,309834,221155,285496
155456,260000,80000,280366,259353,81386
155456,260000,100000,281428,258199,103279
155456,260000,120000,281844,256721,124850
155456,260000,140000,283276,255797,145496
155456,260000,160000,286186,255797,165958
155456,260000,180000,285955,254226,187113
155456,260000,200000,282814,253072,205866
155456,260000,220000,289003,252379,224619
155456,260000,240000,297548,250578,243880
155456,260000,260000,304014,246559,263279
155456,260000,280000,309372,244158,284850
155456,260000,300000,312467,245081,307529
155456,280000,140000,288680,275012,144434
155456,280000,160000,291312,273903,164804
155456,280000,180000,290019,271917,184942
155456,280000,200000,289557,269839,203141
155456,280000,220000,296162,268592,223187
155456,280000,240000,304107,270023,244942
155456,300000,200000,297455,288776,202032
155456,300000,220000,302398,288822,223603
135456,60000,240000,277271,66235,245681
135456,60000,260000,277594,63510,266697
135456,60000,280000,278933,61293,288268
135456,60000,300000,280735,58476,310808
135456,80000,100000,276208,89561,99954
135456,80000,180000,277917,96905,179908
135456,80000,200000,277964,93810,201986
135456,80000,220000,277779,89238,224388
135456,80000,240000,277271,84295,245589
135456,80000,260000,277455,81201,265774
135456,80000,280000,278795,79307,286836
135456,80000,300000,281705,77367,309884
135456,80000,320000,282998,73811,332886
135456,100000,80000,273714,105265,78522
135456,100000,100000,273714,107991,100647
135456,100000,120000,271728,114318,121339
135456,100000,140000,277132,115196,140647
135456,100000,160000,277409,115150,159261
135456,100000,180000,276578,115103,180231
135456,100000,200000,277363,113579,203002
135456,100000,220000,277455,109191,224711
135456,100000,240000,276347,105173,245265
135456,100000,260000,276532,101848,264342
135456,100000,280000,278241,97968,285589
135456,100000,300000,282444,95935,308914
135456,120000,80000,271081,127113,79261
135456,120000,100000,271774,131178,101801
135456,120000,120000,274222,131639,122587
135456,120000,140000,276994,131270,141109
135456,120000,160000,276901,132101,159446
135456,120000,180000,276255,133025,180462
135456,120000,200000,277132,132332,203510
135456,120000,220000,276809,128914,224203
135456,120000,240000,274499,125866,244065
135456,120000,260000,275054,122309,262633
135456,120000,280000,278102,117552,284295
135456,120000,300000,283044,114873,308129
135456,140000,60000,267617,145358,58476
135456,140000,80000,269326,147298,80462
135456,140000,100000,271682,149007,103233
135456,140000,120000,275285,149746,124018
135456,140000,140000,277594,149330,142309
135456,140000,160000,277733,149007,160739
135456,140000,180000,276716,149792,180878
135456,140000,200000,276670,149653,203048
135456,140000,220000,276347,147113,222864
135456,140000,240000,274084,143972,242817
135456,140000,260000,274684,140924,261801
135456,140000,280000,278887,137090,282864
135456,140000,300000,284107,134226,307067
135456,160000,40000,263738,163926,36444
135456,160000,60000,266139,165635,60185
135456,160000,80000,268218,166697,81663
135456,160000,100000,270573,167205,103741
135456,160000,120000,273483,167205,124526
135456,160000,140000,275700,166605,143464
135456,160000,160000,276670,165219,162817
135456,160000,180000,277040,166143,182217
135456,160000,200000,276901,167991,202171
135456,160000,220000,275469,166420,221478
135456,160000,240000,274407,162587,241524
135456,160000,260000,275885,160370,261247
135456,160000,280000,280735,157183,281894
135456,160000,300000,285769,153857,305727
135456,180000,40000,263230,183880,37552
135456,180000,60000,265862,185034,60970
135456,180000,80000,267294,185727,82171
135456,180000,100000,268541,185404,103095
135456,180000,120000,269881,184526,124526
135456,180000,140000,270435,183372,143972
135456,180000,160000,271867,181894,163372
135456,180000,180000,274268,182587,183233
135456,180000,200000,276116,185034,202817
135456,180000,220000,274176,184388,221801
135456,180000,240000,275285,180785,241432
135456,180000,260000,278749,179446,260878
135456,180000,280000,283737,176397,281155
135456,180000,300000,287293,172887,304619
135456,200000,40000,263830,203141,35889
135456,200000,60000,266047,203649,59492
135456,200000,80000,266278,204065,82217
135456,200000,100000,266509,203372,103048
135456,200000,120000,267987,201709,124342
135456,200000,140000,269557,200508,144111
135456,200000,160000,269881,199446,162633
135456,200000,180000,270019,200277,182309
135456,200000,200000,271359,202356,203972
135456,200000,220000,273114,200600,223372
135456,200000,240000,275562,196859,243002
135456,200000,260000,280642,195797,261570
135456,200000,280000,285862,193534,281016
135456,200000,300000,288402,190901,304018
135456,220000,40000,263876,224018,33118
135456,220000,60000,265493,223972,57229
135456,220000,80000,265123,223187,81524
135456,220000,100000,265354,221247,103141
135456,220000,120000,267386,219030,124203
135456,220000,140000,268680,217044,143741
135456,220000,160000,268495,216351,161986
135456,220000,180000,267756,218337,181663
135456,220000,200000,267571,220370,204249
135456,220000,220000,271128,217783,224295
135456,220000,240000,275423,214042,243787
135456,220000,260000,280781,212009,262448
135456,220000,280000,286924,209700,281570
135456,220000,300000,290065,208961,303695
135456,240000,60000,263876,243741,58938
135456,240000,80000,264061,241432,81986
135456,240000,100000,265077,238984,102910
135456,240000,120000,267063,236905,123695
135456,240000,140000,268403,235058,143464
135456,240000,160000,268864,234781,162910
135456,240000,180000,268449,236120,182448
135456,240000,200000,266925,237275,202633
135456,240000,220000,270342,236536,223556
135456,240000,240000,277871,233857,244434
135456,240000,260000,284107,230531,264065
135456,240000,280000,289557,228268,282771
135456,240000,300000,292697,228499,303880
135456,260000,80000,262906,259492,82725
135456,260000,100000,264338,257644,103141
135456,260000,120000,266324,256444,123741
135456,260000,140000,269142,255658,143372
135456,260000,160000,270804,254873,163372
135456,260000,180000,269834,253487,182171
135456,260000,200000,268911,252748,200693
135456,260000,220000,273899,254273,222356
135456,260000,240000,283229,254457,245450
135456,260000,260000,289002,251409,265635
135456,260000,280000,292420,249931,284711
135456,260000,300000,294453,250162,305450
135456,280000,100000,264430,276721,103233
135456,280000,120000,267479,276998,123787
135456,280000,140000,272606,276905,142771
135456,280000,160000,274176,274596,161709
135456,280000,180000,272790,271594,180831
135456,280000,200000,272652,270393,198614
135456,280000,220000,278795,273672,220831
135456,280000,240000,287571,275982,246328
135456,280000,260000,291543,274735,267667
135456,300000,200000,278010,290716,197922
135456,300000,220000,283229,293534,221155
135456,300000,240000,288448,296813,247344
115456,60000,200000,260735,71408,198476
115456,60000,240000,258564,66513,242263
115456,60000,260000,257779,64203,263695
115456,60000,280000,258102,62356,285404
115456,60000,300000,259534,60323,307667
115456,60000,320000,260642,56952,329977
115456,80000,180000,260689,92055,177183
115456,80000,200000,260873,90208,198337
115456,80000,220000,260504,88314,220092
115456,80000,240000,258841,85681,242125
115456,80000,260000,257825,83233,262910
115456,80000,280000,257825,81478,284203
115456,80000,300000,260319,79723,307252
115456,80000,320000,261659,76674,329653
115456,100000,100000,255700,106605,98106
115456,100000,120000,256532,110485,117922
115456,100000,140000,259257,111270,137552
115456,100000,160000,260273,110208,156859
115456,100000,180000,259996,109792,177783
115456,100000,200000,260781,110438,199261
115456,100000,220000,260365,108175,220231
115456,100000,240000,257686,107113,242171
115456,100000,260000,256670,104896,261894
115456,100000,280000,257086,101247,282771
115456,100000,300000,261012,99169,306282
115456,100000,320000,262906,96166,328868
115456,120000,100000,254315,127529,99492
115456,120000,120000,256947,127667,119307
115456,120000,140000,259164,127159,137321
115456,120000,160000,260365,127159,156490
115456,120000,180000,259719,127898,178337
115456,120000,200000,261335,129515,200970
115456,120000,220000,260365,126697,220739
115456,120000,240000,256162,125727,242078
115456,120000,260000,255007,124434,261293
115456,120000,280000,256809,121201,281940
115456,120000,300000,261705,118568,305496
115456,120000,320000,263968,115520,328221
115456,140000,60000,249557,145589,60508
115456,140000,80000,251590,146466,80231
115456,140000,100000,253991,146882,100924
115456,140000,120000,257363,146697,121801
115456,140000,140000,260227,146051,138661
115456,140000,160000,260642,145589,155982
115456,140000,180000,258610,146097,177922
115456,140000,200000,259996,147760,201570
115456,140000,220000,259580,144850,220924
115456,140000,240000,255700,142356,240785
115456,140000,260000,254592,142263,260462
115456,140000,280000,257594,141201,281201
115456,140000,300000,262721,138568,304434
115456,140000,320000,264799,135104,327205
115456,160000,40000,245724,165127,42032
115456,160000,60000,249465,165866,63279
115456,160000,80000,252005,166466,81524
115456,160000,100000,253853,166420,101339
115456,160000,120000,256070,165404,123279
115456,160000,140000,259626,163695,141109
115456,160000,160000,260365,162956,158614
115456,160000,180000,257548,163741,178430
115456,160000,200000,256855,166790,200508
115456,160000,220000,257132,164850,220000
115456,160000,240000,255931,161617,239307
115456,160000,260000,255977,162032,259769
115456,160000,280000,259488,161339,280000
115456,160000,300000,264107,158476,302448
115456,180000,40000,244754,184295,43695
115456,180000,60000,249373,184526,65635
115456,180000,80000,251497,184665,83603
115456,180000,100000,251590,184480,101109
115456,180000,120000,251590,182679,121478
115456,180000,140000,256070,180462,141570
115456,180000,160000,257640,180000,160647
115456,180000,180000,256670,180600,179584
115456,180000,200000,256994,182032,200323
115456,180000,220000,256901,181755,219677
115456,180000,240000,258749,180647,238938
115456,180000,260000,260458,182125,259677
115456,180000,280000,263829,180462,278845
115456,180000,300000,265723,176952,300323
115456,200000,40000,244384,203880,44295
115456,200000,60000,248680,202864,67113
115456,200000,80000,250158,201986,86051
115456,200000,100000,249603,201293,102633
115456,200000,120000,249650,199954,120924
115456,200000,140000,254407,199076,141617
115456,200000,160000,256809,198337,161201
115456,200000,180000,255931,197783,180000
115456,200000,200000,255238,198106,201894
115456,200000,220000,257317,197506,221755
115456,200000,240000,259395,196859,240831
115456,200000,260000,263645,198661,259215
115456,200000,280000,267109,197829,277506
115456,200000,300000,266924,195243,298845
115456,220000,40000,243876,225635,43972
115456,220000,60000,247202,224203,66790
115456,220000,80000,248634,221062,86928
115456,220000,100000,249373,218522,103972
115456,220000,120000,250943,217229,121570
115456,220000,140000,253760,216998,139908
115456,220000,160000,255007,214966,158476
115456,220000,180000,254961,215243,178291
115456,220000,200000,254915,216998,202171
115456,220000,220000,258518,215104,223279
115456,220000,240000,261335,212979,241940
115456,220000,260000,264522,214273,260092
115456,220000,280000,268263,214596,278060
115456,220000,300000,269326,214180,299307
115456,240000,60000,245308,244157,65496
115456,240000,80000,247156,240092,85543
115456,240000,100000,249234,236582,103372
115456,240000,120000,251590,234457,121339
115456,240000,140000,253991,233672,139400
115456,240000,160000,255192,232656,158430
115456,240000,180000,256116,233857,178106
115456,240000,200000,257317,235196,199492
115456,240000,220000,261751,235012,221801
115456,240000,240000,266139,232656,243095
115456,240000,260000,269511,233026,263603
115456,240000,280000,271912,233534,281801
115456,260000,60000,243368,261848,63464
115456,260000,80000,245539,258614,82956
115456,260000,100000,248079,255150,102540
115456,260000,120000,250666,253072,121848
115456,260000,140000,253668,253026,140370
115456,260000,160000,256347,252564,159769
115456,260000,180000,257178,251779,178799
115456,260000,200000,258194,252471,198383
115456,260000,220000,263137,255289,219630
115456,260000,240000,269926,254873,244526
115456,260000,260000,275007,254180,267252
115456,260000,280000,276300,253996,285958
115456,280000,100000,247340,274134,102217
115456,280000,120000,250435,272979,122587
115456,280000,140000,253991,273626,141617
115456,280000,160000,256070,272056,159307
115456,280000,180000,258148,269746,177691
115456,280000,200000,259164,270624,197044
115456,280000,220000,263506,276721,218383
115456,280000,240000,271404,278938,244896
115456,280000,260000,276162,276767,268637
115456,300000,200000,261335,291455,196582
115456,300000,220000,265585,296628,219122
115456,300000,240000,271358,299307,245081
95456,80000,160000,242859,88360,156120
95456,80000,180000,242906,85219,175982
95456,80000,200000,243137,83141,195612
95456,80000,220000,242536,83603,216952
95456,80000,240000,239950,84573,239538
95456,80000,260000,237779,83741,260878
95456,100000,120000,238610,106374,117829
95456,100000,140000,241104,107021,136813
95456,100000,160000,242490,105543,156259
95456,100000,180000,242859,103141,176721
95456,100000,200000,243829,102171,196305
95456,100000,220000,243598,102125,216582
95456,100000,240000,239765,104480,239630
95456,100000,260000,236855,104157,260693
95456,120000,100000,235054,124203,97968
95456,120000,120000,237086,124203,118799
95456,120000,140000,240365,124480,138938
95456,120000,160000,241889,123556,156998
95456,120000,180000,242305,121663,177691
95456,120000,200000,245307,121524,198430
95456,120000,220000,244661,120600,217783
95456,120000,240000,238980,122540,239492
95456,120000,260000,235469,122956,260508
95456,140000,80000,232698,144388,78245
95456,140000,100000,234130,143972,97090
95456,140000,120000,235423,143048,119492
95456,140000,140000,237825,144157,140878
95456,140000,160000,239164,144157,159538
95456,140000,180000,240689,141755,178707
95456,140000,200000,245123,141109,200647
95456,140000,220000,244476,139861,218984
95456,140000,240000,238795,140139,238106
95456,140000,260000,235007,141062,259400
95456,160000,60000,229834,165081,61293
95456,160000,80000,232883,165589,78938
95456,160000,100000,233945,164573,96397
95456,160000,120000,232513,162309,120046
95456,160000,140000,235100,163510,142217
95456,160000,160000,237455,164434,162217
95456,160000,180000,238194,162263,180970
95456,160000,200000,240966,160647,200231
95456,160000,220000,242906,160000,218430
95456,160000,240000,239534,159261,237044
95456,160000,260000,236255,160277,258291
95456,160000,280000,237502,161016,278984
95456,180000,40000,223784,184249,42356
95456,180000,60000,229003,185404,63141
95456,180000,80000,231867,185681,81617
95456,180000,100000,231636,184295,98060
95456,180000,120000,230019,180739,116490
95456,180000,140000,234038,181109,140046
95456,180000,160000,238056,181663,161894
95456,180000,180000,238102,181339,181109
95456,180000,200000,239950,177922,199215
95456,180000,220000,243321,177413,217367
95456,180000,240000,241751,177922,236444
95456,180000,260000,239672,180185,257968
95456,180000,280000,240781,180508,277644
95456,200000,40000,221798,204665,42910
95456,200000,60000,226925,205127,64342
95456,200000,80000,229650,204249,83556
95456,200000,100000,229927,201755,100185
95456,200000,120000,229326,198984,117968
95456,200000,140000,233853,199538,139815
95456,200000,160000,238472,199492,161155
95456,200000,180000,238656,199723,180554
95456,200000,200000,239672,195474,200693
95456,200000,220000,242490,193765,219400
95456,200000,240000,241566,194873,238430
95456,200000,260000,240550,197460,258291
95456,200000,280000,243876,198614,276859
95456,220000,40000,219996,225081,42864
95456,220000,60000,223876,224850,64157
95456,220000,80000,227294,222725,83972
95456,220000,100000,229973,219492,101848
95456,220000,120000,231266,217413,119861
95456,220000,140000,233853,218938,139122
95456,220000,160000,236947,218337,158291
95456,220000,180000,240273,217691,178707
95456,220000,200000,242167,214596,200878
95456,220000,220000,244892,211640,221109
95456,220000,240000,243783,211825,240600
95456,220000,260000,243829,214042,259815
95456,240000,60000,221890,243603,63464
95456,240000,80000,225077,241386,83649
95456,240000,100000,229696,238014,102171
95456,240000,120000,232883,235150,120416
95456,240000,140000,235793,235012,138707
95456,240000,160000,237640,236490,157737
95456,240000,180000,240181,237136,177552
95456,240000,200000,241936,235797,198383
95456,240000,220000,247709,233164,219584
95456,240000,240000,251866,231548,243002
95456,240000,260000,253991,233395,264896
95456,260000,80000,224246,259400,82356
95456,260000,100000,227710,256074,101940
95456,260000,120000,230758,252702,121524
95456,260000,140000,236208,252056,139538
95456,260000,160000,240873,253349,158614
95456,260000,180000,240642,254919,178152
95456,260000,200000,241012,256120,198568
95456,260000,220000,247293,256074,218245
95456,260000,240000,256577,252748,244249
95456,260000,260000,260688,253441,268868
95456,280000,100000,227433,274365,101524
95456,280000,120000,230989,271224,122078
95456,280000,140000,236301,270393,141293
95456,280000,160000,239950,271178,159353
95456,280000,180000,241012,272240,178199
95456,280000,200000,241889,274457,198106
95456,280000,220000,246185,276859,218014
95456,280000,240000,255515,274411,242679
95456,280000,260000,260688,274504,268591
95456,300000,220000,247016,296582,218337
95456,300000,240000,254037,295797,241894
75456,100000,140000,221289,102356,139630
75456,100000,160000,222259,101986,158938
75456,100000,180000,222813,100046,178337
75456,100000,200000,224107,98383,197506
75456,120000,120000,214915,120739,120046
75456,120000,140000,218656,121339,140554
75456,120000,160000,220319,121247,159861
75456,120000,180000,221428,119538,178984
75456,120000,200000,224337,117737,198430
75456,120000,220000,224707,118199,217783
75456,140000,120000,213714,140231,119307
75456,140000,140000,215562,141709,140970
75456,140000,160000,217502,142956,163002
75456,140000,180000,220088,140647,180462
75456,140000,200000,224014,137922,199677
75456,140000,220000,224661,137829,218476
75456,160000,80000,212236,161755,79122
75456,160000,100000,212929,160739,97875
75456,160000,120000,211913,159538,119169
75456,160000,140000,213529,160924,141755
75456,160000,160000,215977,162217,162263
75456,160000,180000,217594,161201,181201
75456,160000,200000,221843,158568,199400
75456,160000,220000,225030,158014,218060
75456,160000,240000,221381,158938,238199
75456,160000,260000,217132,159677,259261
75456,180000,60000,208495,181663,60370
75456,180000,80000,211312,182171,79908
75456,180000,100000,211636,181201,98845
75456,180000,120000,211128,179769,118707
75456,180000,140000,213807,180554,140092
75456,180000,160000,215977,181247,161155
75456,180000,180000,215331,180970,180785
75456,180000,200000,219996,178753,199307
75456,180000,220000,225492,177506,217598
75456,180000,240000,222906,178245,237968
75456,180000,260000,218980,179446,259169
75456,200000,60000,206047,201201,60416
75456,200000,80000,209188,201478,80416
75456,200000,100000,210342,200554,99677
75456,200000,120000,211128,199446,119400
75456,200000,140000,213853,200046,140000
75456,200000,160000,215746,200416,160416
75456,200000,180000,216485,200508,180554
75456,200000,200000,219719,198152,200046
75456,220000,60000,202583,220416,60185
75456,220000,80000,206278,220693,80462
75456,220000,100000,209881,220139,100277
75456,220000,120000,211497,219261,119815
75456,220000,140000,213668,220462,139815
75456,220000,160000,215423,220416,159538
75456,220000,180000,219026,219861,179815
75456,220000,200000,222028,217413,199954
75456,220000,260000,224245,216952,260370
75456,240000,80000,203645,240231,80231
75456,240000,100000,208772,239861,100416
75456,240000,120000,210296,238707,120323
75456,240000,140000,212837,238199,139908
75456,240000,160000,214961,239769,159630
75456,240000,180000,218148,239400,178891
75456,240000,220000,226277,236536,219307
75456,240000,240000,232697,234688,242263
75456,260000,100000,205816,259538,100370
75456,260000,120000,207617,258476,120693
75456,260000,140000,211312,256490,140323
75456,260000,160000,219996,256305,159169
75456,260000,180000,217825,258476,179630
75456,260000,220000,225954,258014,218938
75456,260000,240000,238517,254550,243233
75456,280000,120000,209927,277598,120554
75456,280000,140000,216624,275196,140693
75456,280000,160000,221243,275012,159723
75456,280000,220000,225631,278522,219122
75456,280000,240000,237455,275196,241709
55456,100000,140000,201520,97783,140370
55456,100000,160000,202305,98291,160878
55456,100000,180000,202721,100139,181386
55456,100000,200000,204107,101293,201709
55456,120000,120000,195146,118614,120139
55456,120000,140000,198933,118522,139538
55456,120000,160000,200458,118799,160231
55456,120000,180000,201428,120600,180924
55456,120000,200000,204107,121801,200970
55456,140000,120000,193899,139353,120785
55456,140000,140000,195885,137783,138845
55456,140000,160000,197594,136813,157229
55456,140000,180000,200042,139215,179584
55456,140000,200000,203414,141524,200231
55456,160000,60000,189788,156259,59769
55456,160000,80000,192606,156536,81848
55456,160000,100000,193068,158707,103880
55456,160000,120000,191774,159815,121155
55456,160000,140000,193345,158245,137367
55456,160000,160000,196024,156998,156582
55456,160000,180000,198287,158430,178476
55456,160000,200000,201797,161293,200600
55456,180000,60000,188772,175243,58707
55456,180000,80000,191774,175335,80323
55456,180000,100000,191682,177367,102864
55456,180000,120000,190481,180139,122817
55456,180000,140000,193576,178984,139861
55456,180000,160000,196208,178199,158383
55456,180000,180000,196208,178476,178799
55456,180000,200000,200134,181339,200739
55456,200000,40000,181613,195658,37644
55456,200000,60000,186509,195012,57460
55456,200000,80000,189650,195520,78199
55456,200000,100000,190204,198430,100785
55456,200000,120000,190481,201155,121524
55456,200000,140000,193714,200046,140139
55456,200000,160000,196116,199400,159261
55456,200000,180000,196716,199261,179261
55456,200000,200000,199950,201940,199908
55456,220000,40000,179858,215012,37183
55456,220000,60000,183414,215196,56813
55456,220000,80000,186647,216813,77367
55456,220000,100000,189742,219815,99030
55456,220000,120000,191682,221755,120231
55456,220000,140000,193853,219446,140370
55456,220000,160000,195839,219584,160739
55456,220000,180000,199211,220139,180277
55456,220000,200000,201889,222078,200139
55456,240000,60000,181382,235935,56905
55456,240000,80000,184061,238106,76998
55456,240000,100000,188403,240831,98614
55456,240000,120000,191128,243695,119122
55456,240000,140000,194222,244388,140277
55456,240000,160000,195839,240462,160693
55456,240000,180000,198518,240693,181339
55456,240000,220000,206139,241848,220462
55456,260000,80000,183368,260231,78014
55456,260000,100000,186463,262771,98383
55456,260000,120000,188818,265774,118152
55456,260000,140000,194407,266743,139307
55456,260000,160000,200181,264111,160831
55456,260000,180000,198379,261940,180554
55456,260000,220000,205862,261062,220554
55456,280000,120000,190481,286143,118476
55456,280000,140000,196485,286051,138938
55456,280000,160000,201197,284388,160185
35456,80000,180000,183090,75751,184111
35456,80000,200000,183275,77644,204157
35456,100000,140000,181889,92287,143510
35456,100000,160000,182721,94642,163418
35456,100000,180000,183090,97783,183464
35456,100000,200000,184199,99353,204065
35456,100000,220000,183321,98291,223279
35456,120000,100000,175885,114827,101848
35456,120000,120000,177825,114781,121386
35456,120000,140000,180873,115381,141848
35456,120000,160000,182028,116859,162910
35456,120000,180000,182721,119030,182217
35456,120000,200000,185631,120693,202032
35456,120000,220000,184522,120508,222679
35456,140000,100000,174592,135058,101986
35456,140000,120000,176485,135982,120508
35456,140000,140000,178656,135705,139954
35456,140000,160000,179765,136259,161478
35456,140000,180000,181150,138661,181293
35456,140000,200000,185446,140647,199815
35456,140000,220000,184291,141293,221709
35456,160000,60000,169511,154550,57968
35456,160000,80000,172883,154180,80785
35456,160000,100000,174499,155012,102125
35456,160000,120000,174499,156351,118799
35456,160000,140000,176116,156120,137875
35456,160000,160000,177779,155381,158430
35456,160000,180000,178333,157691,179446
35456,160000,200000,181243,159677,199861
35456,160000,220000,183506,161062,222217
35456,180000,40000,164061,175474,36859
35456,180000,60000,168587,175104,55612
35456,180000,80000,172375,174504,77783
35456,180000,100000,172467,175381,101524
35456,180000,120000,170897,178152,121339
35456,180000,140000,174592,179076,139723
35456,180000,160000,178010,178430,158245
35456,180000,180000,178010,178568,178938
35456,180000,200000,180088,182540,200924
35456,180000,220000,184568,183695,223141
35456,200000,40000,163091,195889,36305
35456,200000,60000,167156,196213,53765
35456,200000,80000,170389,196490,74042
35456,200000,100000,170112,198245,98245
35456,200000,120000,169280,200462,120924
35456,200000,140000,174038,200739,139861
35456,200000,160000,178518,200831,158891
35456,200000,180000,178656,200554,179538
35456,200000,200000,179765,204665,198799
35456,200000,220000,183183,207205,220046
35456,200000,240000,181197,206051,240924
35456,220000,40000,162721,214735,35982
35456,220000,60000,165908,215196,53164
35456,220000,80000,168264,217229,72979
35456,220000,100000,169788,220878,96259
35456,220000,120000,171590,223233,119538
35456,220000,140000,174499,221801,141109
35456,220000,160000,177178,222540,162078
35456,220000,180000,180827,222356,181386
35456,220000,200000,183044,225312,200092
35456,220000,220000,186554,227852,220000
35456,220000,240000,187016,227898,238799
35456,240000,60000,164569,234504,54411
35456,240000,80000,166463,238383,74088
35456,240000,100000,169326,242771,96905
35456,240000,120000,172329,245958,119261
35456,240000,140000,175700,245774,141293
35456,240000,160000,178333,244388,162171
35456,240000,180000,180319,243002,182402
35456,240000,200000,181705,243880,201801
35456,240000,220000,187940,245496,221109
35456,240000,240000,194868,246559,237321
35456,260000,80000,165169,260970,76905
35456,260000,100000,167987,265127,97829
35456,260000,120000,170989,268499,118106
35456,260000,140000,176393,268960,139400
35456,260000,160000,181659,267575,161201
35456,260000,180000,180920,265681,181663
35456,260000,200000,181197,263834,201386
35456,260000,220000,187617,263418,221617
35456,260000,240000,197732,265543,237691
35456,280000,100000,167571,286466,98245
35456,280000,120000,170804,288914,117875
35456,280000,140000,174684,289607,138430
35456,280000,160000,178564,288914,160416
35456,280000,200000,182444,284942,201986
35456,280000,220000,186739,282817,221663
35456,280000,240000,195977,284942,238707
15456,80000,180000,161058,67391,182910
15456,80000,200000,160966,69839,201801
15456,100000,120000,157225,87668,122032
15456,100000,140000,160550,84758,142910
15456,100000,160000,160873,87575,163326
15456,100000,180000,160458,89192,182540
15456,100000,200000,160966,90208,201478
15456,100000,220000,160504,91963,220046
15456,100000,240000,158333,93395,237691
15456,120000,100000,153899,111686,100508
15456,120000,120000,155700,110578,121016
15456,120000,140000,159303,111871,142587
15456,120000,160000,160181,112102,163187
15456,120000,180000,159857,111086,181617
15456,120000,200000,161428,110301,200092
15456,120000,220000,160550,112656,219584
15456,120000,240000,156439,112795,237598
15456,140000,80000,150758,133118,79723
15456,140000,100000,152929,131871,98568
15456,140000,120000,156901,132471,118707
15456,140000,140000,160134,133580,142633
15456,140000,160000,160365,133903,163926
15456,140000,180000,158933,132795,181524
15456,140000,200000,161197,131963,198568
15456,140000,220000,160181,134596,218938
15456,140000,240000,155285,136721,238430
15456,160000,40000,144892,155566,41755
15456,160000,60000,147571,154180,58614
15456,160000,80000,150204,153164,78152
15456,160000,100000,152744,152841,97552
15456,160000,120000,156255,153534,116721
15456,160000,140000,159950,155658,139215
15456,160000,160000,160273,156674,162032
15456,160000,180000,157271,154873,181432
15456,160000,200000,157317,152194,199169
15456,160000,220000,157178,154457,219538
15456,160000,240000,155192,157968,239815
15456,180000,20000,141197,175935,25173
15456,180000,40000,144015,175797,40416
15456,180000,60000,147248,174919,56721
15456,180000,80000,149834,174226,76674
15456,180000,100000,151220,174319,97922
15456,180000,120000,152467,175612,116767
15456,180000,140000,155285,178707,137829
15456,180000,160000,157040,179723,159122
15456,180000,180000,156393,178707,180185
15456,180000,200000,157132,175982,199630
15456,180000,220000,155654,176674,220000
15456,180000,240000,158425,179076,240785
15456,200000,20000,141151,196166,25543
15456,200000,40000,144430,196813,40462
15456,200000,60000,147294,196859,56721
15456,200000,80000,148356,196998,75474
15456,200000,100000,148172,197090,97044
15456,200000,120000,149234,198891,116859
15456,200000,140000,153483,200554,137460
15456,200000,160000,155054,201617,158661
15456,200000,180000,153622,201894,179769
15456,200000,200000,153853,200277,197737
15456,200000,220000,156024,201432,217644
15456,200000,240000,159257,204065,238707
15456,220000,40000,145123,216074,42540
15456,220000,60000,146832,216351,58383
15456,220000,80000,146694,217460,75982
15456,220000,100000,146601,219353,95982
15456,220000,120000,148911,222171,116721
15456,220000,140000,152005,224157,139030
15456,220000,160000,152606,225912,161109
15456,220000,180000,152051,224203,181062
15456,220000,200000,151405,221617,197783
15456,220000,220000,156994,223880,216674
15456,220000,240000,164522,228129,237783
15456,240000,60000,144938,235797,59215
15456,240000,80000,145077,238476,76674
15456,240000,100000,146186,241709,96674
15456,240000,120000,148772,244619,117321
15456,240000,140000,151913,246282,139261
15456,240000,160000,153899,246928,160139
15456,240000,180000,154546,246420,180970
15456,240000,200000,155654,245265,200462
15456,240000,220000,164476,244988,219307
15456,240000,240000,171958,247621,236998
15456,260000,80000,143322,260323,76905
15456,260000,100000,144938,262817,96998
15456,260000,120000,147664,264480,116813
15456,260000,140000,152329,265219,138383
15456,260000,160000,155793,267113,160000
15456,260000,180000,156716,269561,181617
15456,260000,200000,158102,268545,202125
15456,260000,220000,165354,264157,221109
15456,260000,240000,174176,265912,237229
15456,280000,100000,144985,284111,97275
15456,280000,120000,148495,284388,116859
15456,280000,140000,153021,284619,138245
15456,280000,160000,155608,287298,160878
15456,280000,180000,158472,290161,182864
15456,280000,200000,160827,288545,203464
15456,280000,220000,165307,282817,221709
15456,280000,240000,173067,283510,237829
-4544,80000,200000,137409,65728,198245
-4544,100000,100000,133899,92148,98938
-4544,100000,180000,136901,84065,179630
-4544,100000,200000,136809,86421,197598
-4544,100000,220000,136901,90485,215474
-4544,120000,80000,131174,113395,80600
-4544,120000,100000,131959,109654,98106
-4544,120000,120000,130666,106559,116490
-4544,120000,140000,136485,106652,138383
-4544,120000,160000,136624,106559,160046
-4544,120000,180000,135746,106097,179122
-4544,120000,200000,136301,106790,196444
-4544,120000,220000,136670,110531,215104
-4544,140000,80000,129095,132610,80092
-4544,140000,100000,130666,130070,97183
-4544,140000,120000,133622,129377,115335
-4544,140000,140000,136624,129931,137229
-4544,140000,160000,136809,129977,159353
-4544,140000,180000,136162,129053,178984
-4544,140000,200000,136439,128961,196120
-4544,140000,220000,136393,132102,215751
-4544,160000,60000,124985,154781,61524
-4544,160000,80000,127017,153487,79122
-4544,160000,100000,129188,152933,96166
-4544,160000,120000,132282,152471,114180
-4544,160000,140000,135608,152933,135381
-4544,160000,160000,136439,154688,156536
-4544,160000,180000,136809,153487,177783
-4544,160000,200000,136162,151732,196628
-4544,160000,220000,135839,153441,217552
-4544,180000,20000,120412,175705,31639
-4544,180000,40000,121890,175705,47252
-4544,180000,60000,123322,174273,61848
-4544,180000,80000,124846,173996,78337
-4544,180000,100000,126555,174781,95935
-4544,180000,120000,128310,175104,114042
-4544,180000,140000,129188,175427,133580
-4544,180000,160000,130158,178014,153811
-4544,180000,180000,133299,178152,175012
-4544,180000,200000,136070,174642,196444
-4544,180000,220000,134130,174873,217875
-4544,200000,20000,120551,195566,33903
-4544,200000,40000,122537,195566,49099
-4544,200000,60000,123738,194180,63002
-4544,200000,80000,124246,193996,78383
-4544,200000,100000,124754,195797,96305
-4544,200000,120000,125724,197922,114642
-4544,200000,140000,126417,199861,133349
-4544,200000,160000,128033,201663,154042
-4544,200000,180000,129603,201109,174966
-4544,200000,200000,130527,198199,194642
-4544,200000,220000,131636,198661,215843
-4544,220000,40000,122721,215797,50208
-4544,220000,60000,123322,215289,64711
-4544,220000,80000,122999,215843,79815
-4544,220000,100000,122952,218106,96998
-4544,220000,120000,124800,221109,115058
-4544,220000,140000,126324,224018,133580
-4544,220000,160000,126232,225496,153811
-4544,220000,180000,126647,223556,173996
-4544,220000,200000,126694,221478,193026
-4544,220000,220000,127109,222540,214504
-4544,240000,80000,120782,238661,80092
-4544,240000,100000,121290,240508,97321
-4544,240000,120000,123507,242771,115335
-4544,240000,140000,124708,244757,134180
-4544,240000,160000,125631,245312,153811
-4544,240000,180000,126047,244665,173026
-4544,240000,200000,123645,244711,192194
-4544,240000,220000,121521,243787,214735
-4544,260000,100000,120597,261940,96444
-4544,260000,120000,121659,263187,114735
-4544,260000,140000,123553,264665,134550
-4544,260000,160000,128634,265219,154966
-4544,260000,180000,127941,266743,175012
-4544,260000,200000,125677,269007,196952
-4544,260000,220000,133068,268083,218106
-4544,280000,180000,133345,289145,178245
-4544,280000,200000,135285,290623,201570
-4544,280000,220000,141058,286189,220139
